{"hip": 42.366733490969658, "thigh": 24.110152576944664, "waistToKnee": 22.907322164331291, "waistToFloor": 37.318351332592457, "girth": 31.775050118227242, "waistToHip": 8.6959994152223583, "size": "kinect", "waist": 12.719069501169251}